3,6,9,25,131,143
3,6,9,25,131,143
3,6,9,25,143,196
3,6,25,65,145,658
3,6,38,248,279,530
3,6,91,205,373,778
3,6,149,324,785,798
3,6,149,324,785,798
3,6,149,324,785,798
3,6,212,658,785,786
3,6,324,357,701,785
3,9,292,547,628,748
3,34,94,131,145,149
3,34,105,233,658,713
3,34,113,121,212,227
3,36,106,308,785,797
3,36,145,248,637,798
3,36,145,248,637,798
3,36,145,445,485,658
3,36,145,445,485,658
3,36,145,485,530,625
3,36,199,248,472,485
3,36,227,472,479,637
3,38,494,497,645,719
3,38,494,497,645,719
3,38,494,497,719,752
3,38,494,497,719,752
3,51,132,145,658,786
3,53,212,380,472,788
3,53,242,472,706,748
3,59,65,68,82,134
3,59,73,212,292,346
3,59,196,381,472,658
3,68,75,105,233,488
3,71,338,445,479,743
3,73,472,485,598,700
3,80,286,598,640,798
3,89,94,169,748,793
3,89,169,748,758,793
3,89,245,671,701,785
3,91,113,149,707,778
3,91,248,385,392,472
3,94,112,212,324,730
3,94,395,445,467,617
3,105,132,145,385,748
3,105,229,324,381,787
3,105,229,324,381,787
3,110,121,143,149,473
3,113,137,145,594,801
3,113,137,145,594,801
3,113,151,212,646,771
3,113,151,461,485,645
3,113,197,212,395,424
3,113,213,472,488,748
3,113,213,472,488,748
3,113,227,260,392,461
3,113,227,485,625,647
3,113,227,485,625,647
3,113,227,485,658,785
3,113,227,637,645,646
3,113,472,555,598,658
3,113,475,485,598,788
3,113,494,645,658,785
3,127,464,479,655,748
3,130,171,376,452,596
3,130,205,445,598,645
3,143,445,645,658,797
3,145,392,445,641,658
3,145,445,647,730,797
3,145,461,485,645,658
3,145,485,637,645,658
3,145,485,637,786,798
3,146,334,658,697,793
3,151,645,658,701,785
3,169,233,658,745,797
3,184,212,579,604,623
3,184,227,464,500,596
3,184,373,494,720,801
3,184,485,645,786,801
3,205,462,534,637,778
3,226,310,324,494,645
3,227,485,579,635,785
3,227,494,641,646,785
3,243,485,658,785,798
3,248,373,530,785,788
3,277,411,468,479,778
3,330,407,641,752,797
3,350,473,658,700,727
3,376,395,472,637,785
3,381,645,646,785,801
3,385,461,472,594,641
3,395,398,472,680,727
3,423,530,641,785,798
3,445,485,641,658,797
3,445,637,645,788,797
3,445,637,658,788,797
3,445,641,658,798,801
3,445,645,658,788,797
3,445,645,658,788,797
3,445,645,658,788,797
3,445,658,785,788,797
3,445,786,788,797,798
3,461,473,479,645,801
3,462,645,658,786,801
3,472,485,488,494,785
3,472,485,658,788,801
3,479,494,645,720,801
3,479,494,658,778,794
3,479,560,561,598,797
3,479,571,658,671,797
3,485,553,641,788,797
3,485,598,630,645,786
3,485,645,658,785,797
3,485,645,700,720,748
3,494,645,658,788,801
3,494,645,658,788,801
3,494,645,658,788,801
6,9,260,376,645,646
6,12,76,85,110,134
6,18,65,94,134,143
6,25,94,196,214,248
6,25,598,641,785,788
6,26,73,645,743,785
6,31,324,479,625,715
6,34,479,598,625,666
6,36,113,132,465,497
6,36,169,251,260,497
6,36,248,479,530,786
6,36,248,530,748,797
6,36,465,472,485,645
6,36,472,598,720,748
6,36,472,598,748,786
6,36,490,645,658,787
6,38,73,195,642,768
6,38,73,205,642,768
6,38,73,205,642,768
6,38,121,437,553,571
6,38,137,373,462,786
6,38,245,637,778,797
6,38,279,351,373,450
6,38,279,351,373,450
6,45,143,197,398,472
6,53,178,208,380,563
6,65,112,115,149,197
6,65,130,445,658,778
6,68,91,573,579,598
6,68,113,121,141,145
6,68,124,153,195,242
6,68,124,153,195,242
6,68,497,645,658,785
6,71,94,113,121,127
6,71,145,324,423,687
6,73,113,385,445,461
6,73,227,286,445,596
6,76,227,461,594,645
6,80,248,530,787,798
6,80,472,598,720,801
6,80,472,598,720,801
6,80,479,494,598,645
6,80,479,494,598,645
6,89,237,448,531,770
6,89,445,707,781,797
6,89,598,645,786,788
6,89,645,647,785,787
6,91,113,248,497,748
6,91,205,373,497,778
6,94,151,423,658,798
6,94,184,197,227,248
6,94,195,379,785,798
6,94,212,445,472,730
6,94,248,497,598,658
6,105,324,479,721,727
6,106,143,286,330,472
6,113,130,462,472,798
6,113,143,149,151,707
6,113,145,445,530,598
6,113,227,251,479,748
6,113,227,251,479,748
6,113,227,472,490,785
6,113,227,472,490,785
6,113,227,645,658,786
6,113,248,304,350,798
6,113,385,645,786,798
6,113,445,658,785,798
6,113,462,641,727,788
6,113,645,647,748,797
6,114,407,560,701,788
6,130,248,445,468,530
6,130,248,445,468,530
6,130,248,445,468,530
6,130,248,445,468,530
6,130,248,445,468,530
6,130,248,445,468,530
6,130,472,598,645,787
6,130,598,645,748,786
6,130,785,786,787,788
6,132,145,350,395,645
6,132,145,350,395,645
6,132,145,350,395,645
6,132,145,350,395,645
6,135,227,598,645,786
6,135,472,530,748,788
6,137,598,645,647,785
6,137,598,645,658,743
6,143,149,151,330,707
6,145,233,385,472,748
6,145,248,260,472,598
6,145,248,494,748,787
6,145,248,598,645,658
6,145,286,373,660,748
6,145,286,373,660,748
6,145,385,598,646,658
6,145,445,598,641,668
6,145,461,645,647,786
6,145,497,645,658,801
6,145,598,641,658,788
6,145,598,645,748,801
6,145,598,645,788,798
6,145,645,658,786,798
6,145,645,720,788,798
6,145,645,748,798,801
6,149,212,248,647,658
6,149,450,485,530,647
6,151,248,445,658,785
6,151,385,645,720,797
6,157,227,560,561,772
6,157,227,560,561,772
6,171,450,530,645,658
6,171,450,530,645,658
6,184,248,385,598,645
6,184,264,482,497,768
6,184,445,465,530,801
6,184,630,642,647,680
6,184,630,642,647,680
6,208,486,748,785,797
6,208,486,748,785,797
6,212,214,254,475,658
6,212,260,286,302,785
6,212,282,473,658,724
6,213,245,560,706,798
6,214,598,645,658,801
6,227,248,658,719,720
6,227,248,658,719,720
6,227,598,701,748,785
6,227,658,720,787,797
6,235,497,658,785,796
6,235,530,646,768,778
6,242,645,658,748,787
6,248,282,478,530,738
6,248,381,465,530,647
6,248,465,530,645,797
6,248,479,530,598,641
6,248,479,530,598,641
6,248,530,645,748,797
6,248,530,786,788,798
6,248,530,786,788,798
6,248,598,641,645,658
6,248,598,641,645,680
6,260,598,645,720,797
6,282,407,537,625,745
6,286,423,530,658,797
6,286,472,625,691,730
6,324,465,494,555,785
6,381,465,642,645,748
6,381,598,645,658,785
6,385,445,450,530,796
6,385,445,450,530,796
6,385,571,596,658,798
6,385,645,658,788,801
6,392,479,555,609,637
6,398,479,530,591,773
6,423,645,658,797,798
6,428,598,658,786,801
6,428,645,646,658,788
6,445,479,598,701,788
6,445,479,787,798,801
6,445,479,787,798,801
6,445,479,787,798,801
6,445,490,641,658,785
6,445,497,530,743,778
6,445,598,658,748,798
6,445,637,645,658,801
6,462,465,645,658,788
6,465,485,658,748,798
6,465,645,658,748,785
6,472,598,641,785,788
6,472,642,645,658,781
6,473,510,596,748,797
6,479,530,641,658,798
6,479,598,645,658,786
6,479,645,701,785,797
6,479,645,701,785,797
6,479,645,720,798,801
6,479,658,701,787,797
6,485,497,579,641,801
6,485,497,579,641,801
6,494,530,635,645,788
6,494,530,645,785,788
6,598,641,645,647,785
6,598,641,645,658,798
6,598,641,645,658,798
6,598,641,645,658,801
6,598,645,658,785,788
6,598,658,701,786,798
6,641,645,748,787,801
6,645,658,785,786,798
6,645,658,788,797,798
6,645,701,785,787,793
6,645,701,785,798,801
6,652,678,693,700,715
8,75,93,148,281,723
9,36,149,479,787,793
9,59,94,135,149,464
9,59,94,135,149,464
9,59,94,135,149,464
9,59,94,135,149,464
9,59,94,135,149,464
9,59,94,135,149,464
9,94,106,272,279,598
9,169,445,452,609,695
9,205,277,480,485,646
9,207,282,492,589,745
9,448,472,485,786,801
12,232,373,461,612,786
12,233,303,465,609,660
15,34,73,89,110,169
15,36,609,689,715,787
15,59,169,184,442,472
15,59,579,589,598,623
15,62,142,233,254,373
15,65,146,292,494,785
15,73,89,93,110,758
15,73,89,93,110,758
15,73,89,94,110,407
15,76,641,645,798,801
15,121,149,645,785,801
15,121,149,645,785,801
15,121,149,645,785,801
15,121,227,379,645,748
15,130,151,248,381,494
15,145,385,494,647,778
15,145,385,494,647,778
15,145,385,612,647,778
15,145,385,612,647,778
15,145,385,612,647,778
15,145,445,450,796,798
15,145,620,648,658,785
15,149,151,286,598,778
15,178,227,248,465,785
15,195,392,645,700,706
15,205,212,545,596,794
15,212,596,637,752,794
15,212,596,637,752,794
15,212,617,637,752,794
15,233,248,479,591,778
15,385,462,635,645,786
15,385,462,635,645,786
15,395,645,724,727,785
15,445,472,598,658,748
15,462,645,786,788,801
15,472,479,658,798,801
15,472,479,658,798,801
16,19,132,485,720,800
17,35,81,307,371,587
18,59,68,103,112,130
18,59,68,103,112,130
18,59,68,103,112,130
18,89,94,130,472,766
18,94,205,392,400,461
18,105,530,658,701,786
18,113,202,472,646,658
18,145,245,494,645,787
18,302,454,596,655,707
18,308,407,553,685,777
18,350,445,466,494,798
20,36,230,632,685,776
22,196,354,462,553,768
22,196,354,462,553,768
22,196,354,462,553,768
22,196,354,462,553,768
22,196,354,462,553,768
22,196,354,462,553,768
22,196,354,462,553,768
25,51,94,107,141,149
25,113,244,303,373,376
25,127,149,213,625,778
25,312,417,587,702,773
25,658,663,701,706,715
25,658,663,701,706,715
26,65,130,297,407,526
26,73,157,306,701,785
26,76,310,479,738,785
26,76,310,479,738,785
26,76,310,479,738,785
26,76,310,479,738,785
26,76,310,479,738,785
26,87,103,354,687,699
26,103,184,461,464,609
26,103,184,461,464,609
26,103,184,461,464,609
26,103,184,461,464,609
26,145,310,479,596,785
26,212,445,785,786,797
26,212,635,645,721,785
26,260,279,598,741,785
26,310,466,596,604,785
26,475,494,497,547,771
28,38,91,461,478,646
28,38,121,362,365,471
28,38,130,135,445,727
28,38,264,461,794,796
28,38,365,614,699,713
28,38,473,615,646,713
28,38,473,615,646,713
28,38,473,615,646,713
28,227,248,344,462,794
28,260,279,460,473,785
28,303,342,469,472,555
31,87,178,330,741,752
31,89,94,214,545,748
34,65,130,233,479,555
34,73,169,230,260,461
34,91,121,149,212,465
34,127,149,213,244,302
34,137,428,482,596,781
34,137,428,482,596,781
34,137,428,482,596,781
34,137,428,482,596,781
34,145,302,645,786,798
34,160,310,715,727,763
34,241,279,445,617,645
34,251,428,494,630,720
34,282,392,405,423,612
34,286,376,445,596,788
34,354,398,680,788,798
34,428,479,598,785,798
36,38,127,235,530,658
36,55,145,475,485,530
36,65,113,149,462,472
36,65,113,149,462,472
36,65,248,598,641,647
36,65,423,462,641,798
36,65,465,494,641,748
36,65,485,598,645,658
36,65,604,697,748,797
36,71,226,275,324,530
36,73,113,149,224,472
36,73,135,195,445,635
36,73,137,385,428,472
36,80,94,424,472,707
36,94,132,245,303,380
36,106,230,448,709,797
36,110,359,646,794,797
36,113,145,151,302,797
36,113,145,151,302,797
36,113,145,151,306,594
36,113,145,151,306,594
36,113,145,151,306,594
36,113,145,151,306,594
36,113,145,151,306,594
36,113,145,227,302,472
36,113,145,302,385,450
36,113,145,302,385,450
36,113,146,302,598,713
36,113,146,302,713,748
36,113,195,227,302,748
36,113,227,302,385,748
36,113,227,302,472,748
36,113,227,302,598,748
36,113,227,302,598,748
36,113,302,598,645,748
36,113,450,465,468,594
36,121,130,462,465,472
36,121,130,462,465,472
36,121,149,472,485,497
36,121,227,428,485,748
36,121,248,428,598,645
36,121,248,428,598,645
36,127,472,485,658,798
36,130,598,625,637,778
36,137,308,546,617,794
36,145,151,254,356,530
36,145,212,423,485,534
36,145,242,356,428,445
36,145,303,534,645,658
36,145,303,534,645,658
36,145,303,534,645,658
36,145,380,485,594,598
36,145,381,645,752,801
36,145,381,645,752,801
36,145,381,645,752,801
36,145,381,645,752,801
36,145,381,645,752,801
36,145,381,645,752,801
36,145,381,645,752,801
36,145,475,485,497,658
36,145,485,598,645,647
36,149,264,469,538,632
36,149,264,469,538,632
36,171,308,598,637,641
36,178,205,235,292,497
36,184,306,707,743,785
36,202,472,750,778,794
36,212,302,485,530,591
36,212,302,485,530,591
36,212,302,485,530,591
36,212,445,479,785,797
36,212,645,701,721,785
36,212,645,701,721,785
36,224,381,445,462,637
36,226,248,380,530,797
36,227,248,530,788,798
36,227,254,479,494,647
36,248,445,530,598,798
36,248,462,465,472,658
36,254,428,472,658,785
36,254,479,485,660,797
36,260,304,468,545,560
36,282,381,465,494,645
36,303,423,485,641,645
36,303,479,485,635,645
36,303,485,645,647,798
36,308,385,645,658,748
36,310,658,673,773,787
36,380,385,472,658,801
36,380,472,598,641,748
36,380,485,579,598,645
36,380,485,579,598,645
36,381,428,485,598,645
36,381,430,485,598,645
36,381,479,494,645,797
36,381,485,598,645,748
36,381,494,658,748,785
36,445,462,497,598,719
36,445,462,497,598,719
36,472,485,748,787,798
36,479,485,645,658,801
38,53,248,720,788,796
38,59,286,448,530,637
38,71,330,454,510,579
38,87,497,510,573,719
38,89,94,212,245,709
38,91,130,490,646,658
38,127,445,462,490,534
38,128,227,470,678,695
38,130,227,479,494,794
38,143,380,490,645,787
38,149,212,303,373,625
38,157,181,405,470,745
38,212,308,359,445,785
38,213,479,485,637,797
38,227,230,254,292,691
38,242,248,445,462,630
38,242,248,445,462,630
38,242,248,445,462,630
38,242,248,445,462,630
38,242,248,445,462,630
38,254,423,695,745,785
38,260,279,342,598,641
38,308,530,625,646,778
38,308,530,625,646,778
38,308,596,641,645,801
38,359,612,645,798,801
38,359,612,645,798,801
38,380,485,785,786,801
38,380,485,785,786,801
38,381,494,497,645,801
38,398,462,479,494,794
38,428,598,709,720,748
38,450,466,530,647,797
38,460,473,485,646,788
38,494,641,645,701,785
42,523,530,531,646,721
45,127,334,380,579,758
45,149,362,490,786,794
45,157,212,229,324,778
45,157,212,229,324,778
45,157,212,229,324,778
45,248,468,598,645,748
45,302,472,475,479,555
45,428,471,477,479,648
51,248,385,452,485,510
53,59,65,80,113,149
53,89,145,282,477,718
53,89,145,282,477,718
53,89,145,282,477,718
53,89,145,282,477,718
53,127,494,598,785,788
53,127,494,598,785,788
53,130,530,719,752,786
59,65,306,445,642,788
59,65,398,445,547,793
59,73,130,466,579,687
59,73,130,466,579,687
59,89,196,254,645,647
59,103,149,160,212,248
59,103,197,324,479,534
59,103,197,324,479,534
59,103,324,472,479,534
59,130,149,445,534,625
59,135,254,350,477,628
59,143,306,497,658,785
59,143,445,658,745,768
59,149,151,308,625,788
59,149,196,306,461,730
59,178,242,306,373,468
59,196,254,461,468,565
59,208,282,346,350,373
59,227,243,286,330,561
59,233,494,497,727,758
59,254,308,768,785,797
59,254,308,768,785,797
59,380,476,497,555,788
59,428,472,598,785,788
62,145,282,473,625,743
62,171,279,303,569,787
64,198,381,567,579,720
65,80,113,462,472,797
65,101,113,376,461,530
65,113,149,184,286,310
65,113,479,701,786,797
65,127,214,658,785,797
65,127,445,468,485,658
65,127,445,468,485,658
65,127,445,468,485,658
65,127,445,468,485,658
65,127,445,468,485,658
65,128,200,394,526,646
65,130,145,465,485,797
65,130,157,217,232,286
65,130,184,235,609,625
65,130,445,591,645,801
65,130,461,530,701,785
65,132,184,356,392,488
65,143,145,445,490,620
65,143,306,332,354,571
65,145,149,598,658,778
65,145,184,385,407,472
65,145,227,445,485,658
65,145,450,497,530,798
65,145,465,485,645,786
65,145,465,485,645,786
65,145,485,645,658,787
65,145,485,645,748,787
65,149,213,242,291,409
65,149,286,485,658,785
65,149,392,485,645,660
65,149,392,485,645,660
65,149,392,485,645,660
65,149,392,485,645,660
65,149,392,485,645,660
65,149,472,637,658,778
65,151,445,479,494,534
65,195,472,485,497,778
65,205,350,579,612,637
65,212,537,641,658,786
65,212,537,641,658,786
65,212,646,658,785,786
65,213,334,445,658,778
65,214,377,378,379,461
65,227,248,445,748,801
65,233,350,465,545,687
65,241,243,461,638,701
65,245,485,641,645,787
65,245,485,641,645,787
65,248,462,485,641,787
65,248,485,645,748,797
65,248,485,645,748,797
65,248,530,645,721,788
65,260,279,598,641,658
65,272,336,409,485,530
65,303,330,508,695,758
65,310,342,398,465,485
65,324,392,398,473,645
65,324,392,398,473,645
65,342,465,485,641,645
65,342,530,641,645,785
65,342,645,785,798,801
65,373,409,467,475,700
65,373,462,479,645,786
65,385,479,494,646,658
65,392,645,646,701,785
65,423,494,641,785,798
65,430,462,645,752,786
65,445,462,641,787,801
65,445,465,748,797,801
65,448,472,646,786,788
65,448,485,530,652,786
65,461,494,778,786,801
65,462,465,472,641,721
65,462,465,472,641,801
65,462,465,472,641,801
65,462,465,645,658,788
65,465,485,641,748,797
65,465,485,645,658,801
65,465,485,645,658,801
65,472,479,598,637,778
65,472,485,497,658,786
65,472,658,748,785,797
65,473,494,598,642,647
65,479,637,645,787,797
65,485,497,701,786,794
65,485,591,645,647,801
65,485,598,645,658,801
65,485,641,645,748,787
65,485,641,646,748,787
65,485,645,646,743,798
65,485,645,646,785,798
65,485,645,658,748,798
65,485,645,658,785,801
65,485,645,658,786,787
65,485,658,785,787,798
65,530,642,645,786,798
65,530,642,645,786,798
65,530,685,786,788,798
65,598,645,646,658,801
65,598,645,646,658,801
65,598,645,658,748,797
65,645,658,786,798,801
67,198,475,526,545,579
67,214,625,642,658,724
68,73,196,277,324,758
68,103,460,518,606,623
68,235,369,555,770,777
68,245,598,637,658,719
73,214,598,637,796,798
73,227,637,701,719,787
73,254,277,310,392,785
73,465,478,534,642,719
73,598,637,721,796,798
75,94,133,310,445,475
76,95,112,139,141,142
76,103,113,128,143,145
76,103,113,128,143,145
76,103,113,128,143,145
76,184,286,398,424,479
76,227,409,450,461,462
76,248,437,637,641,748
78,94,197,380,750,788
78,162,182,200,226,589
78,162,182,200,327,589
80,94,334,485,490,660
80,113,212,645,646,785
80,113,472,475,637,785
80,143,227,462,472,785
80,143,227,462,472,785
80,145,485,645,787,798
80,149,151,625,641,691
80,149,212,310,485,534
80,171,212,248,286,609
80,181,229,645,701,785
80,184,214,488,645,801
80,184,214,488,645,801
80,195,212,242,461,591
80,195,212,242,461,591
80,202,764,775,778,781
80,226,245,260,658,748
80,248,462,591,645,787
80,248,530,531,645,797
80,445,450,465,530,797
80,445,450,465,530,797
80,445,450,465,530,797
80,445,472,479,598,794
80,445,472,479,598,794
80,460,589,609,738,750
80,462,465,485,787,797
80,465,485,645,786,798
80,472,494,571,646,658
80,598,701,706,719,787
83,136,154,289,402,531
85,99,178,217,326,369
89,105,142,319,395,630
89,106,130,135,379,609
89,114,205,428,494,635
89,130,143,145,376,778
89,130,210,482,531,642
89,134,378,472,475,748
89,144,212,445,485,785
89,151,373,472,528,787
89,184,248,579,645,787
89,214,472,528,787,801
89,214,472,528,787,801
89,260,279,485,598,786
89,260,279,485,598,786
89,260,279,485,598,786
89,260,279,485,598,786
89,302,461,479,701,787
89,303,392,473,658,738
89,310,450,658,706,771
89,319,553,630,635,658
89,381,461,475,637,642
89,428,472,492,596,786
89,428,494,752,763,798
89,475,598,637,645,788
89,478,534,563,719,785
89,479,645,658,758,786
91,94,113,149,319,637
91,127,137,637,645,658
91,145,445,598,645,786
91,212,473,497,637,801
91,230,260,279,701,785
91,230,260,279,701,785
91,279,303,461,758,774
91,330,350,392,468,635
93,148,256,288,552,657
93,284,510,668,687,730
93,284,510,668,687,730
94,105,302,356,711,778
94,105,302,356,711,778
94,113,127,598,645,801
94,113,127,598,645,801
94,135,212,376,472,658
94,143,217,251,445,598
94,149,286,430,555,719
94,149,479,567,625,785
94,149,479,567,625,785
94,149,479,567,625,785
94,151,207,334,448,555
94,151,212,227,485,645
94,186,260,303,348,454
94,197,260,392,468,497
94,213,497,537,637,787
94,227,282,376,642,658
94,248,282,398,479,598
94,248,350,479,490,534
94,282,310,645,701,721
94,302,593,609,711,778
94,302,593,609,778,781
94,308,385,645,785,788
94,308,385,645,785,788
94,308,385,645,785,788
94,308,385,645,785,788
94,308,385,645,785,788
94,461,485,534,593,598
94,479,598,635,645,794
94,479,598,635,645,794
94,479,598,635,645,794
97,149,405,475,497,569
103,145,302,445,645,786
105,113,195,227,302,598
105,130,286,462,479,788
105,132,145,308,385,748
105,145,445,598,647,658
105,149,229,324,479,680
105,184,214,480,488,801
105,212,381,645,647,801
105,303,342,480,488,801
105,303,342,480,488,801
105,303,381,598,658,788
105,303,381,598,658,788
105,303,480,488,752,801
105,303,480,488,752,801
105,303,480,488,752,801
105,303,480,488,752,801
105,380,462,485,593,658
106,110,561,621,693,777
106,142,497,645,658,743
106,181,437,461,579,778
106,319,344,482,666,793
106,319,344,482,666,793
113,114,145,302,379,479
113,121,485,598,658,748
113,127,145,472,485,748
113,130,137,145,184,473
113,130,145,494,645,798
113,130,178,275,392,579
113,132,145,308,645,658
113,132,472,579,748,797
113,137,217,264,398,428
113,145,195,292,302,771
113,145,212,485,658,798
113,145,214,465,479,637
113,145,260,279,385,798
113,145,303,472,494,787
113,145,303,472,787,798
113,145,303,637,647,786
113,145,303,645,707,778
113,145,303,645,707,778
113,145,308,472,637,798
113,145,748,786,787,801
113,146,195,302,385,713
113,149,151,302,461,778
113,151,184,227,302,450
113,151,227,334,591,771
113,151,248,530,645,797
113,151,303,479,637,645
113,184,227,302,313,445
113,195,227,302,461,591
113,195,227,302,461,591
113,195,302,465,472,797
113,208,398,646,788,796
113,212,260,279,598,785
113,212,445,472,485,646
113,212,445,479,497,534
113,212,472,479,637,787
113,212,485,645,646,798
113,214,279,465,598,778
113,227,260,445,497,642
113,227,302,472,598,748
113,245,310,472,645,797
113,248,302,637,645,798
113,248,437,445,658,796
113,260,479,735,785,798
113,282,591,630,645,647
113,302,373,472,713,748
113,302,373,472,713,748
113,302,465,472,771,797
113,302,472,637,771,797
113,302,472,637,771,797
113,302,494,645,788,798
113,302,494,645,788,798
113,303,645,646,658,788
113,308,472,621,748,787
113,308,479,485,497,646
113,308,563,598,641,786
113,380,385,658,788,798
113,380,385,658,788,798
113,428,472,658,727,778
113,428,598,637,658,748
113,445,448,645,658,786
113,445,609,621,748,785
113,475,494,748,778,798
114,395,475,479,645,758
121,145,213,428,467,652
121,157,248,381,598,645
121,171,230,647,721,748
125,242,323,348,482,798
125,242,323,348,482,798
127,130,530,641,785,786
127,137,479,598,645,801
127,149,462,530,752,778
127,151,462,485,645,787
127,157,160,612,623,652
127,157,385,598,645,658
127,205,646,701,785,786
127,212,213,545,637,752
127,212,213,545,637,752
127,212,348,469,545,637
127,212,348,469,637,794
127,213,284,545,637,738
127,248,479,530,591,647
127,248,485,641,658,787
127,324,400,445,625,646
127,324,400,445,625,646
127,324,400,445,625,646
127,350,445,479,485,786
127,380,479,645,658,801
127,381,462,645,658,801
127,445,494,645,658,801
127,445,497,646,788,797
127,445,658,748,785,797
127,448,462,745,788,793
127,472,598,646,721,785
127,472,598,646,721,785
127,472,598,646,721,785
127,472,646,658,786,798
127,479,579,645,798,801
127,479,591,720,727,785
127,485,598,645,647,752
127,485,645,752,785,787
127,571,598,645,658,798
128,359,429,469,655,724
130,132,146,462,472,785
130,137,302,494,598,612
130,142,359,445,778,801
130,145,530,625,637,658
130,151,248,286,530,797
130,151,445,497,598,785
130,151,637,645,798,801
130,195,242,302,598,748
130,198,685,701,778,785
130,214,462,494,645,788
130,227,248,445,598,637
130,227,248,445,598,637
130,227,254,464,479,786
130,227,385,461,637,798
130,227,385,461,637,798
130,235,280,576,703,748
130,248,254,494,646,748
130,248,282,658,701,798
130,248,303,380,641,652
130,248,385,445,787,796
130,260,279,598,641,785
130,289,486,646,658,720
130,289,486,646,658,720
130,289,486,646,658,720
130,303,312,463,584,593
130,303,479,645,658,786
130,306,472,547,706,738
130,308,497,530,625,743
130,308,497,530,625,743
130,308,530,596,646,778
130,308,645,743,785,801
130,355,369,559,695,711
130,376,445,486,645,715
130,376,494,701,786,794
130,376,494,701,786,794
130,381,494,497,639,642
130,445,497,645,785,786
130,445,534,727,743,798
130,445,637,701,785,801
130,445,658,787,798,801
130,473,642,786,798,801
130,485,645,646,701,785
130,485,645,646,786,787
130,494,530,778,786,798
130,494,645,748,787,798
130,494,645,785,798,801
130,494,645,785,798,801
130,494,645,785,798,801
130,494,645,785,798,801
130,494,645,785,798,801
130,528,542,547,625,635
130,637,645,720,786,801
130,637,645,720,786,801
130,645,658,786,798,801
130,645,701,787,798,801
131,186,260,647,706,787
131,282,464,510,631,754
132,198,306,395,437,561
132,212,472,579,646,748
132,289,292,472,571,593
132,308,598,645,647,801
132,381,462,641,748,785
132,385,465,488,531,646
132,385,648,719,786,801
133,248,530,658,743,797
134,136,196,197,700,741
134,186,230,260,272,490
134,212,248,282,445,530
134,282,395,553,727,800
134,282,395,553,727,800
134,641,671,727,750,754
135,136,196,197,471,700
135,490,497,620,637,700
137,144,195,354,547,555
137,212,485,617,645,788
137,235,428,700,778,785
137,244,381,462,472,748
137,260,465,479,604,768
137,260,545,604,609,621
137,286,303,373,701,787
137,445,465,475,479,485
139,212,279,490,598,721
139,350,376,601,754,775
141,230,279,310,385,637
142,149,398,625,658,706
142,149,398,625,658,706
142,151,286,302,485,658
142,171,485,706,721,797
142,171,485,706,721,797
142,171,485,706,721,797
142,171,485,706,721,797
142,171,485,706,721,797
142,212,392,454,472,497
142,385,462,465,645,658
142,462,645,748,785,798
142,462,645,748,785,798
142,462,645,748,785,798
142,465,591,724,774,786
143,149,212,282,485,598
143,248,254,467,472,730
143,336,428,668,763,797
143,428,462,472,598,706
143,445,645,727,785,788
144,212,485,625,748,785
144,227,428,432,615,646
145,184,323,461,594,801
145,184,323,461,594,801
145,186,260,598,701,786
145,195,302,356,598,748
145,195,485,497,658,797
145,208,494,635,658,786
145,212,385,479,485,591
145,212,385,479,485,591
145,212,445,485,658,778
145,212,485,612,645,786
145,212,645,658,798,801
145,212,645,658,798,801
145,213,233,308,445,793
145,214,385,445,497,788
145,214,385,445,497,788
145,214,385,445,497,788
145,230,254,279,706,797
145,248,303,485,701,787
145,248,303,485,701,787
145,248,308,445,465,530
145,248,359,465,530,786
145,248,445,465,530,658
145,248,579,645,748,787
145,248,598,637,645,658
145,248,598,645,748,788
145,260,279,381,598,658
145,302,485,598,645,658
145,302,645,658,748,786
145,303,445,598,645,658
145,303,485,645,658,798
145,308,398,598,646,721
145,308,398,598,646,721
145,308,445,465,658,748
145,308,445,465,658,748
145,308,445,598,637,748
145,308,445,598,658,786
145,308,465,645,748,785
145,308,645,646,788,798
145,319,472,479,494,707
145,380,485,645,658,786
145,381,428,598,658,787
145,381,598,645,647,720
145,381,637,748,798,801
145,381,645,658,786,798
145,385,428,445,647,778
145,385,428,472,658,788
145,385,445,475,598,786
145,385,475,637,645,788
145,385,475,645,786,788
145,392,479,645,786,798
145,428,494,598,658,788
145,428,598,637,658,720
145,445,450,530,598,658
145,445,637,658,719,798
145,461,462,579,598,748
145,472,475,637,658,788
145,472,475,637,658,788
145,472,475,637,658,788
145,472,475,637,658,788
145,472,545,658,748,797
145,479,555,598,645,786
145,494,598,645,701,748
145,494,598,645,701,748
145,497,530,658,778,788
145,497,530,658,778,788
145,598,701,706,719,801
145,637,748,797,798,801
146,184,251,282,530,797
146,385,707,748,787,794
149,151,428,465,479,530
149,160,248,392,398,450
149,160,248,392,398,450
149,184,248,462,598,625
149,184,260,279,598,658
149,184,260,279,598,658
149,184,260,279,598,658
149,186,230,380,472,647
149,186,230,380,472,647
149,197,378,385,598,719
149,212,494,658,797,801
149,212,598,658,785,788
149,212,598,658,785,788
149,212,598,658,785,788
149,212,598,658,785,788
149,212,598,658,785,788
149,212,645,658,700,785
149,213,260,497,658,663
149,227,308,342,637,796
149,230,244,375,646,706
149,243,472,475,497,658
149,359,407,530,658,788
149,380,428,479,530,637
149,381,437,473,479,787
149,462,637,645,719,785
151,184,319,424,462,472
151,248,310,445,598,797
151,248,373,428,472,801
151,248,465,645,748,801
151,248,485,701,785,798
151,260,279,479,534,658
151,260,279,485,612,798
151,303,398,494,785,798
151,306,646,701,768,785
151,308,645,658,788,801
151,428,472,658,785,801
151,428,485,642,645,658
151,428,485,642,645,658
151,428,530,645,720,801
151,428,530,645,720,801
151,461,497,641,719,720
151,479,645,658,785,786
151,482,646,658,786,797
154,157,160,176,196,212
154,162,185,195,248,376
154,310,445,485,641,788
157,185,186,192,424,468
157,213,248,308,632,658
157,376,479,641,701,786
160,169,171,197,212,468
168,196,348,563,695,701
168,232,334,490,531,798
169,214,485,658,748,787
169,310,472,645,796,797
169,475,625,701,730,745
171,205,330,478,609,700
171,286,302,637,645,785
178,214,445,497,641,721
178,334,407,409,471,530
178,547,593,663,724,745
181,254,471,479,701,745
181,385,450,497,658,787
184,186,235,260,409,796
184,260,279,598,641,658
184,260,279,598,641,658
184,260,279,598,641,658
184,260,279,598,641,658
184,260,279,598,641,658
184,260,279,598,641,658
184,260,279,598,641,658
184,260,279,598,641,658
184,260,279,598,641,658
184,260,279,598,641,658
184,260,279,598,641,658
184,260,279,598,641,658
184,260,279,598,641,658
184,260,279,598,641,658
184,260,279,598,641,658
184,260,279,598,641,658
184,260,279,598,641,658
184,260,279,598,641,658
184,260,279,598,641,658
184,260,279,598,641,658
184,260,279,598,641,658
184,260,279,598,641,658
184,260,279,598,641,658
184,260,279,598,641,658
184,260,279,598,641,658
184,260,279,598,641,658
184,260,279,598,641,658
184,260,279,598,658,763
184,260,279,598,658,763
184,260,279,598,658,763
184,260,279,641,658,707
184,286,461,462,472,494
184,303,472,485,530,801
184,303,494,497,645,658
184,306,424,553,614,642
184,308,598,646,721,785
184,310,485,625,645,748
184,445,494,497,793,801
184,475,485,598,645,786
185,428,479,598,645,788
185,428,479,598,645,788
185,428,479,598,645,788
185,428,479,598,645,788
195,227,242,302,748,787
195,248,381,465,719,758
195,308,641,658,719,801
196,212,472,598,637,658
196,227,248,445,709,721
196,286,310,392,472,658
196,306,445,555,642,788
196,310,373,392,407,472
197,213,242,357,561,571
197,213,242,357,561,571
197,213,242,357,561,571
197,213,242,357,561,571
197,213,242,357,561,571
197,213,242,357,561,571
197,213,242,357,561,571
197,213,242,357,561,571
197,213,242,357,561,571
197,213,356,531,702,752
197,235,350,385,475,785
197,282,373,473,488,794
197,306,378,472,488,748
197,380,472,485,748,801
197,380,472,485,748,801
197,445,468,475,748,786
198,229,375,490,555,720
199,319,376,785,787,793
207,385,465,488,719,758
208,212,227,350,385,787
208,323,423,445,632,750
210,282,468,700,730,778
211,230,260,272,279,748
211,260,279,598,641,778
212,219,248,497,697,768
212,227,395,485,530,625
212,227,473,479,485,787
212,245,398,485,598,645
212,248,423,485,641,645
212,248,461,494,645,788
212,248,485,598,645,658
212,279,598,658,701,785
212,286,445,658,786,798
212,308,445,701,785,801
212,373,428,547,596,793
212,380,485,658,748,798
212,380,637,645,658,788
212,392,398,468,479,801
212,392,398,468,479,801
212,392,398,468,479,801
212,392,398,468,479,801
212,393,462,637,645,658
212,417,537,727,778,798
212,423,485,645,646,785
212,445,461,479,647,787
212,445,479,485,787,798
212,445,479,658,700,787
212,445,596,625,647,798
212,445,596,625,647,798
212,445,596,625,647,798
212,445,596,625,647,798
212,450,530,748,778,785
212,462,465,645,658,786
212,462,473,641,658,788
212,462,637,641,645,658
212,462,637,641,645,658
212,465,479,488,641,785
212,465,479,488,641,785
212,472,485,658,785,787
212,472,584,635,640,730
212,479,485,497,645,787
212,479,485,598,645,764
212,479,485,645,646,785
212,479,494,645,658,786
212,479,645,706,727,778
212,479,645,706,727,778
212,485,641,658,718,787
212,485,641,658,718,787
212,485,645,646,788,798
212,485,645,658,787,798
212,485,645,658,787,798
212,485,645,658,798,801
212,485,645,720,785,788
212,485,645,778,788,798
212,485,646,701,787,788
212,485,646,701,787,788
212,485,646,701,787,788
212,645,658,720,785,787
213,248,445,450,530,596
213,248,625,642,788,798
213,248,625,642,788,798
213,248,625,642,788,798
213,248,625,642,788,798
213,248,625,642,788,798
213,282,555,609,612,637
213,437,461,560,563,598
214,227,381,645,658,748
214,232,342,389,392,472
214,295,306,330,342,748
214,385,445,479,641,787
214,428,479,645,658,801
214,437,713,730,780,785
214,445,479,645,658,801
214,445,479,645,658,801
214,445,641,658,787,801
217,323,437,488,635,720
226,303,472,598,637,658
227,233,303,356,488,579
227,248,308,330,638,748
227,248,350,380,639,785
227,248,380,485,645,748
227,248,485,645,658,801
227,282,445,468,635,778
227,308,485,497,645,658
227,308,485,497,645,658
227,310,658,673,773,787
227,310,658,673,773,787
227,376,461,485,637,730
227,445,488,658,758,798
227,485,646,658,778,787
229,284,407,424,479,680
230,260,279,342,752,801
230,260,279,490,598,641
230,260,279,545,798,801
230,260,279,545,798,801
230,260,279,545,798,801
230,260,279,579,598,641
230,260,279,598,641,785
230,260,279,598,641,785
230,260,279,598,641,785
230,260,279,598,701,785
230,260,279,598,701,785
230,260,279,625,641,798
230,260,279,641,645,785
230,260,279,641,721,801
230,260,279,641,721,801
230,260,279,645,701,785
230,260,279,658,701,785
230,260,279,658,701,785
232,308,423,430,635,787
233,241,321,398,411,464
233,282,488,645,720,786
233,323,465,534,680,683
233,392,568,719,733,797
233,428,466,479,598,635
233,428,466,479,598,635
234,334,468,485,553,593
235,362,485,497,645,798
235,398,494,617,719,785
235,485,641,748,787,798
242,475,479,630,781,786
245,303,472,635,637,787
245,303,472,635,637,787
245,637,645,719,798,801
248,303,645,658,701,785
248,303,645,658,701,785
248,303,646,658,720,786
248,306,641,646,647,786
248,308,479,497,530,786
248,350,445,450,530,598
248,380,485,579,598,645
248,380,485,579,598,645
248,380,485,579,598,645
248,380,485,579,598,645
248,380,485,579,598,645
248,380,485,579,598,645
248,380,485,579,598,645
248,380,485,579,598,645
248,380,485,579,598,645
248,380,485,579,598,645
248,380,485,579,598,645
248,380,530,646,748,797
248,380,598,612,658,788
248,380,598,612,658,788
248,381,392,530,598,788
248,381,646,748,787,797
248,385,445,479,591,641
248,385,445,479,591,641
248,385,445,479,591,641
248,385,445,479,591,641
248,385,445,479,591,641
248,385,445,642,647,787
248,385,641,645,646,748
248,392,428,462,468,472
248,428,462,530,641,720
248,428,485,497,642,797
248,428,485,591,645,798
248,445,450,508,530,658
248,445,462,472,508,797
248,445,465,641,658,785
248,445,465,752,786,797
248,445,485,591,645,658
248,445,497,642,647,786
248,445,530,598,788,797
248,445,579,641,748,801
248,445,598,637,645,788
248,445,598,642,658,801
248,462,479,641,787,798
248,462,479,641,787,798
248,465,479,494,645,801
248,466,591,637,687,774
248,472,579,658,748,798
248,472,641,748,787,797
248,490,645,701,785,801
248,497,642,645,788,801
248,530,579,641,748,797
251,286,407,497,640,724
254,286,348,350,373,385
254,466,485,641,719,788
254,485,645,658,778,797
254,485,645,787,798,801
260,279,381,598,701,785
260,279,445,497,778,798
260,279,461,462,645,658
260,279,479,591,658,797
260,279,479,598,641,658
260,279,490,598,641,658
260,279,490,598,641,785
260,279,598,641,658,752
260,279,598,641,658,786
260,279,598,641,658,801
260,279,598,641,658,801
260,279,598,641,658,801
260,279,598,641,658,801
260,279,598,641,658,801
260,279,598,641,658,801
260,279,598,641,658,801
260,279,598,641,658,801
260,279,598,641,658,801
260,279,598,658,701,785
260,279,598,658,785,798
260,279,598,701,748,785
260,279,598,701,748,788
260,279,641,645,796,801
260,279,641,658,721,801
260,279,641,658,721,801
260,279,641,658,721,801
260,279,701,785,797,800
260,282,291,310,323,373
260,445,658,701,785,797
260,465,604,609,632,706
260,472,479,497,637,706
260,555,609,612,671,768
271,417,611,636,670,732
277,319,392,642,718,743
279,423,445,450,617,645
279,424,488,637,745,774
279,424,488,637,745,774
279,534,594,598,658,786
282,286,445,567,609,719
282,303,468,700,778,786
282,392,462,465,472,479
282,461,472,663,680,760
282,479,485,635,645,797
282,479,485,635,645,797
286,359,591,637,646,700
286,461,462,485,645,787
286,623,641,721,745,800
302,437,479,604,788,801
302,461,462,637,642,658
302,462,479,645,748,801
302,472,485,748,787,794
303,356,409,480,531,720
303,356,409,480,531,720
303,376,485,530,707,797
303,380,635,647,721,787
303,381,485,645,701,785
303,385,398,479,645,785
303,385,461,642,645,788
303,385,472,479,637,798
303,423,494,641,645,785
303,445,465,641,658,797
303,445,479,641,658,801
303,445,479,641,798,801
303,445,485,598,641,658
303,445,485,645,658,787
303,445,485,645,658,787
303,445,485,645,658,787
303,445,494,658,743,754
303,445,497,641,748,798
303,445,497,645,658,801
303,445,658,748,785,797
303,445,658,748,785,797
303,445,658,748,785,797
303,465,479,485,645,658
303,465,485,641,645,658
303,465,485,641,645,658
303,465,485,641,645,658
303,465,485,641,645,658
303,465,485,641,645,786
303,465,485,641,645,786
303,465,485,645,646,785
303,465,637,645,658,788
303,465,637,645,658,788
303,479,485,645,658,787
303,479,488,645,778,801
303,479,488,645,778,801
303,479,488,645,778,801
303,479,497,645,778,801
303,479,573,620,637,786
303,479,637,645,658,778
303,482,658,718,778,787
303,485,497,645,658,788
303,485,637,645,658,786
303,485,639,645,658,787
303,485,641,645,647,787
303,485,641,645,647,787
303,485,641,645,647,787
303,485,641,645,658,787
303,485,641,645,658,787
303,485,645,658,785,787
303,494,645,646,658,798
303,497,537,645,748,797
303,497,537,645,748,797
303,598,604,637,639,658
303,598,645,658,748,785
303,683,719,787,788,801
306,376,530,598,646,658
306,494,534,641,642,752
306,637,645,658,788,798
308,385,598,637,645,788
308,392,479,645,658,785
308,392,596,645,658,785
308,426,445,479,637,777
308,445,479,641,798,801
308,445,598,637,641,647
308,445,701,721,785,801
308,461,598,637,645,788
308,465,472,658,785,797
308,465,479,645,658,801
308,465,530,637,785,788
308,467,473,630,774,801
308,472,485,598,658,785
308,479,485,625,685,778
308,479,485,641,778,787
308,479,494,645,701,786
308,479,645,658,798,801
308,479,645,658,798,801
308,479,645,658,798,801
308,485,598,645,658,748
308,485,641,645,788,801
308,485,641,645,788,801
308,494,497,743,785,801
308,494,497,752,785,801
308,494,497,752,785,801
308,494,645,658,785,801
308,497,598,645,785,788
308,497,598,645,785,788
308,497,645,658,685,801
308,497,645,658,786,797
308,497,645,748,785,797
308,530,637,646,788,798
308,547,625,701,720,785
308,598,641,646,752,785
308,598,641,658,785,798
308,598,645,658,748,786
308,637,645,658,785,801
308,637,645,658,785,801
308,637,645,658,785,801
308,637,645,658,785,801
308,637,645,658,785,801
308,637,645,658,785,801
308,637,645,658,785,801
308,645,646,720,798,801
308,645,658,701,785,801
308,645,658,701,785,801
308,645,658,785,798,801
308,645,658,785,798,801
308,645,658,785,798,801
310,376,464,472,646,787
310,376,464,472,646,787
310,385,645,658,787,798
310,392,445,663,748,797
310,398,464,500,632,788
310,466,479,523,596,604
310,485,561,645,787,801
310,745,752,778,779,794
313,530,598,646,768,773
313,530,598,646,768,773
323,385,645,658,787,788
323,545,561,625,647,658
323,641,645,658,748,787
323,641,645,658,748,787
323,641,645,658,748,787
323,641,645,658,748,787
334,392,435,473,596,801
334,392,598,641,658,787
334,445,645,658,701,786
342,385,428,479,645,671
342,385,428,479,645,671
342,428,445,485,645,801
342,428,479,646,752,801
350,428,461,472,612,637
350,428,598,658,663,799
353,464,628,654,693,701
354,485,598,645,646,788
354,485,598,645,646,788
354,485,598,645,646,788
354,485,598,645,646,788
354,485,598,645,646,788
359,376,445,468,609,689
359,479,485,645,646,787
359,479,485,645,646,787
359,479,485,645,646,787
359,479,485,645,646,787
359,479,485,645,646,787
359,479,485,645,646,787
359,479,485,645,646,787
359,479,485,645,646,787
359,479,485,645,646,787
359,479,485,645,646,787
362,598,639,658,743,748
362,598,639,658,743,748
362,598,639,658,743,748
362,645,701,785,788,801
373,380,645,701,785,801
373,445,500,685,786,798
377,452,462,475,645,706
379,428,596,635,786,800
380,385,445,472,658,788
380,445,465,641,748,801
380,445,465,641,748,801
380,450,579,641,748,801
380,450,579,641,748,801
380,461,472,479,598,637
380,461,472,641,658,797
380,462,645,748,787,798
380,472,598,645,748,801
380,485,645,787,788,798
380,497,637,658,701,785
380,530,594,641,642,787
380,530,594,641,642,787
381,428,445,658,778,801
381,428,645,658,798,801
381,428,645,748,778,801
381,450,530,721,788,797
381,462,472,748,798,801
381,462,497,701,748,787
381,462,645,748,787,798
381,465,485,639,748,787
381,465,641,645,658,801
381,468,473,598,637,800
381,472,485,658,748,787
381,479,485,645,787,798
381,479,598,637,645,658
381,485,534,591,642,671
381,485,637,658,743,801
381,485,645,658,748,798
381,497,530,748,785,797
381,598,637,645,748,801
385,445,479,494,497,647
385,445,485,641,658,787
385,445,485,641,658,787
385,445,485,641,658,787
385,497,621,658,721,787
389,392,395,398,472,475
392,468,475,534,620,647
392,472,485,534,598,702
395,398,405,445,461,609
395,405,445,448,454,467
395,416,442,445,450,461
423,461,465,485,641,719
423,465,641,660,719,801
423,472,534,635,707,793
428,445,462,485,787,798
428,445,465,641,788,797
428,445,465,641,788,797
428,445,479,497,720,797
428,445,479,641,787,801
428,445,485,617,630,798
428,445,485,641,787,801
428,445,490,497,641,801
428,445,490,497,641,801
428,462,465,485,641,748
428,462,555,573,715,778
428,465,485,645,658,788
428,466,497,637,645,788
428,472,479,658,785,787
428,472,485,598,635,641
428,479,485,658,785,798
428,479,598,641,646,801
428,479,598,645,720,778
428,485,598,641,645,658
428,485,598,641,645,658
428,485,598,645,658,788
428,485,598,785,788,801
428,485,598,785,788,801
428,485,598,785,788,801
428,485,645,646,658,801
428,485,645,646,798,801
428,485,645,646,798,801
428,485,645,647,786,798
428,485,645,658,787,798
428,485,645,658,798,801
428,494,641,645,748,787
428,494,641,645,748,787
428,555,598,658,706,778
428,555,598,658,706,778
428,591,645,748,797,798
428,637,645,658,788,797
428,645,646,658,788,801
428,645,646,658,788,801
428,645,658,748,785,801
428,645,720,748,797,798
428,645,720,748,797,798
445,450,530,591,658,797
445,450,530,598,641,647
445,450,530,658,748,797
445,450,530,658,748,797
445,465,485,720,785,801
445,465,494,526,563,641
445,465,645,658,788,797
445,475,497,658,786,797
445,490,497,534,625,707
445,494,658,785,788,797
445,545,598,637,652,715
445,637,641,646,720,801
445,641,645,658,786,801
445,641,645,658,786,801
445,641,647,778,785,796
445,641,658,787,798,801
461,579,598,645,719,748
461,598,609,645,701,787
461,645,646,719,720,798
462,479,485,645,658,787
462,485,645,719,768,798
465,472,475,477,479,485
465,475,479,645,646,801
465,479,646,658,719,720
465,555,579,620,641,748
465,579,591,594,641,748
465,579,591,594,641,748
465,579,591,594,641,748
465,645,658,720,785,798
472,475,637,641,658,788
472,475,637,641,658,788
472,485,497,641,658,719
472,485,497,641,658,719
472,494,571,646,658,796
472,598,641,646,719,721
472,598,641,646,719,721
473,530,637,701,785,798
475,479,645,658,786,801
475,485,645,658,787,801
475,547,625,660,701,785
479,494,598,645,658,786
479,494,598,645,719,786
479,494,645,658,798,801
479,497,645,701,719,786
479,637,645,646,719,787
479,641,645,787,798,801
479,641,645,787,798,801
479,641,645,787,798,801
480,689,743,745,778,797
485,497,658,719,788,797
485,497,658,787,798,801
485,497,718,719,787,797
485,598,645,701,748,786
485,637,645,658,719,787
485,645,646,658,785,788
490,617,623,647,777,786
490,637,647,687,774,798
494,497,645,658,720,787
494,497,645,658,720,787
494,531,579,594,598,639
494,719,763,793,797,801
494,719,763,793,797,801
494,719,763,793,797,801
497,503,534,598,635,646
497,518,547,555,598,646
497,518,612,620,625,637
497,573,581,587,598,637
497,573,581,587,598,637
497,609,676,697,701,785
497,609,676,697,701,785
526,530,545,653,658,765
528,598,645,727,743,785
534,641,645,785,788,801
558,560,593,733,746,756
561,637,639,718,743,748
598,635,645,719,778,798
598,637,645,646,658,719
598,637,645,646,658,719
598,637,645,646,658,719
639,642,663,697,748,787
645,646,658,719,786,787
645,646,719,748,797,801
645,658,787,798,800,801
645,658,787,798,800,801
652,663,697,706,707,719
652,663,697,706,707,719
658,660,663,697,706,719
658,663,691,701,719,721
658,663,691,701,719,721
